Schedule,loss,accuracy,precision,recall,f1,auc
Convex Only,0.6592289749429197,0.60107595,0.6159996,0.5572175,0.5793807311731294,0.6484169092160379
Multistage_1,0.042769497973443586,0.6276899,0.62700623,0.66018754,0.6346389362983992,0.6828163825328228
Nonconvex Only,0.16341790886619423,0.60113925,0.60126925,0.64742726,0.6133514883914246,0.6562014005661535
Hybrid,0.04092130691850487,0.6073892,0.61036885,0.6381789,0.6155044981475166,0.667673546809417
