Schedule,loss,accuracy,precision,recall,f1,auc
Convex Only,0.06923235606909357,0.5730243,0.6688889,0.085477695,0.1445256898628491,0.5316949948305891
Multistage_1,0.022522636449054837,0.60690534,0.58764035,0.3326308,0.4148651038116375,0.6303467531487696
Nonconvex Only,0.017793521723172192,0.55903757,0.205,0.029418105,0.05084033613445378,0.5860442598876
Hybrid,0.021272504980295474,0.5688967,0.3394228,0.16163626,0.20515310968296557,0.580044084251471
