Schedule,loss,accuracy,precision,recall,f1,auc
Convex Only,0.16302755051021336,0.5971835,0.6065408,0.6179096,0.6009788936586654,0.6728574378686558
Multistage_1,0.04113374910729973,0.6287025,0.6260225,0.65834725,0.6351436499199252,0.6894465119204949
Nonconvex Only,0.1642610106739817,0.5910285,0.59182435,0.61104167,0.5937276457856167,0.6642201609299628
Hybrid,0.0411528384784543,0.62003165,0.6171587,0.65179265,0.6263627527918565,0.675380631133162
