Schedule,loss,accuracy,precision,recall,f1,auc
Convex Only,0.9823261915430237,0.58454114,0.59853196,0.5175878,0.5415631380336496,0.6102859057465893
Multistage,0.6206809580778774,0.5948259,0.58518916,0.6394579,0.6032292672915822,0.6039298237997941
Nonconvex Only,0.4145877762346328,0.5465823,0.544824,0.61810726,0.5686534121023873,0.5885540058332269
