Schedule,loss,accuracy,precision,recall,f1,auc
Convex Only,0.06852758394463895,0.58286387,0.714127,0.09479,0.1608198139464469,0.5625825577663949
Multistage_1,0.021461598867483445,0.5913928,0.5707552,0.37665805,0.4335667417150164,0.617763336868192
Nonconvex Only,0.017581364140788997,0.5632434,0.275,0.023958335,0.04328282828282828,0.5937730455195813
Hybrid,0.0208044483045084,0.6081377,0.6262117,0.23001842,0.313465152826374,0.6082196426626523
