Schedule,loss,accuracy,precision,recall,f1,auc
Convex Only,0.06885945520121677,0.5941003,0.6016917,0.16579178,0.24270694556662775,0.5871290446796513
Multistage_1,0.021508645264790127,0.6264257,0.67474043,0.33947974,0.4389223725298169,0.6667936381619786
Nonconvex Only,0.017663717293343345,0.5687482,0.52666664,0.034536857,0.06408145844765564,0.563054395497684
Hybrid,0.02165488088062264,0.56453264,0.314359,0.24431352,0.2721194357941015,0.5744615729214149
