Schedule,loss,accuracy,precision,recall,f1,auc
Convex Only,0.06861754218785923,0.5328557,0.63222224,0.11320746,0.17573946331734494,0.5398023108221122
Multistage_1,0.0235288901565198,0.5845394,0.5884329,0.68002707,0.6164779670457421,0.6456699288577843
Nonconvex Only,0.01850458684400876,0.5164159,0.35142857,0.034912378,0.0634013605442177,0.5699354552530537
Hybrid,0.021222906639099114,0.55167586,0.58821857,0.38433784,0.43518417449948094,0.5826879476726907
